Work Item Type,Title,Description,Acceptance Criteria,Assigned To,State,Area Path,Iteration Path,Story Points,Priority,Tags
Product Backlog Item,As a visitor I can register and log in so that I can access my account,Email/password registration and login issuing a JWT in an HTTP-only cookie.,Password is hashed; invalid credentials are rejected without revealing which field was wrong; session persists across reload.,M3-PLACEHOLDER,Done,TicketFlow\Backend,TicketFlow\Sprint 1,5,1,E1-Accounts
Product Backlog Item,As a user I can reset a forgotten password so that I am not locked out,Emailed reset token with expiry.,Token is single-use and expires in 10 minutes; only a hash is stored; old sessions are invalidated after reset.,M3-PLACEHOLDER,Done,TicketFlow\Backend,TicketFlow\Sprint 1,3,2,E1-Accounts
Product Backlog Item,As an organiser I can create an event with images so that it can be discovered,Event creation with cover image upload to Cloudinary.,Required fields validated; cover image uploads and renders; slug generated; event appears in my events.,M3-PLACEHOLDER,Done,TicketFlow\Backend,TicketFlow\Sprint 1,8,1,E2-Events
Product Backlog Item,As a visitor I can browse and open events so that I can decide what to attend,Public listing with trending and upcoming plus event detail page.,Listing paginates; detail page shows date time location and ticket tiers; no auth required.,M4-PLACEHOLDER,Done,TicketFlow\Frontend,TicketFlow\Sprint 1,5,1,E2-Events
Product Backlog Item,As the team we have a layered backend architecture so that logic stays testable,Controller to Service to Repository to Model separation.,No controller imports a repository; no service imports a Mongoose model; services take no req/res.,M3-PLACEHOLDER,Done,TicketFlow\Backend,TicketFlow\Sprint 1,8,1,E8-Quality
Product Backlog Item,As the team we have a repository and branching strategy so that work integrates safely,Git workflow with dev and main plus pull requests.,Feature branches merge via PR; main stays releasable; commits link to work items.,M1-PLACEHOLDER,Done,TicketFlow\DevOps,TicketFlow\Sprint 1,5,2,E8-Quality
Product Backlog Item,As a buyer I can purchase a ticket so that I can attend,Checkout flow with buyer details and Paystack payment.,Multiple buyers supported in one checkout; guest checkout works without an account; confirmation screen shows the ticket.,M4-PLACEHOLDER,Done,TicketFlow\Frontend,TicketFlow\Sprint 2,8,1,E3-Sales
Product Backlog Item,As the business inventory is reserved atomically so that we never oversell,Guarded atomic increment inside a transaction.,Two concurrent purchases of the last seat result in exactly one success; proven by an integration test against a replica set.,M3-PLACEHOLDER,Done,TicketFlow\Backend,TicketFlow\Sprint 2,13,1,E3-Sales
Product Backlog Item,As the business payment is confirmed server-side so that a client cannot fake success,Paystack webhook verified by HMAC-SHA512 over the raw body.,A forged or unsigned webhook changes no state; a tampered body is rejected; verification is unit-tested.,M3-PLACEHOLDER,Done,TicketFlow\Backend,TicketFlow\Sprint 2,8,1,E3-Sales
Product Backlog Item,As a buyer my seat is held before I pay so that I am never charged without a ticket,Reserve then pay then confirm flow with a 15 minute hold.,Seats are held before checkout opens; abandoned holds are released; confirmation is idempotent under webhook retries.,M3-PLACEHOLDER,Done,TicketFlow\Backend,TicketFlow\Sprint 2,8,1,E3-Sales
Product Backlog Item,As a buyer I receive a QR ticket by email so that I can get in,Ticket email containing an inline QR encoding the ticket ID.,Email sends only after payment is confirmed; QR encodes the scannable ticket ID; delivery failure does not void the booking.,M4-PLACEHOLDER,Done,TicketFlow\Backend,TicketFlow\Sprint 2,5,1,E3-Sales
Product Backlog Item,As door staff I can scan a QR so that I can admit a guest quickly,Camera scanner using BarcodeDetector with manual code entry alongside.,Scans in under two seconds; manual entry always available; works on mobile.,M4-PLACEHOLDER,Done,TicketFlow\Frontend,TicketFlow\Sprint 3,8,1,E4-Admission
Product Backlog Item,As the business a ticket admits exactly once so that it cannot be reused,Atomic guarded check-in inside a transaction.,Two simultaneous scans of one ticket admit exactly once; the loser receives a clear rejection reason; proven by a concurrency test.,M3-PLACEHOLDER,Done,TicketFlow\Backend,TicketFlow\Sprint 3,13,1,E4-Admission
Product Backlog Item,As an organiser I can assign ushers so that only my staff can admit,Usher assignment scoped to specific events.,An usher can only admit for assigned events; assignment and removal take effect immediately; rules are unit-tested.,M3-PLACEHOLDER,Done,TicketFlow\Backend,TicketFlow\Sprint 3,5,1,E4-Admission
Product Backlog Item,As an organiser every scan is logged so that entry is auditable,Append-only audit log of every scan attempt.,Both admissions and rejections are recorded with actor outcome and reason; the log is never updated in place.,M5-PLACEHOLDER,Done,TicketFlow\Backend,TicketFlow\Sprint 3,5,2,E4-Admission
Product Backlog Item,As door staff I can admit manually so that a broken screen does not stop the queue,Manual check-in fallback using the same authorisation rule as scanning.,An assigned usher can admit manually; the action is logged as manual; it is excluded from anomaly detection.,M4-PLACEHOLDER,Done,TicketFlow\Frontend,TicketFlow\Sprint 3,3,2,E4-Admission
Product Backlog Item,As the team admission logic is unit-tested without a database so that rules stay verifiable,Pure authorisation functions exported for testing.,Authorisation matrix covered for all four roles; tests run with no database or HTTP layer.,M5-PLACEHOLDER,Done,TicketFlow\QA,TicketFlow\Sprint 3,5,1,E8-Quality
Product Backlog Item,As an organiser I can run an invite-only event so that entry is by guest list,Access mode of public invite_only or hybrid on one event schema.,Purchase is refused for invite-only events; sales dates are not required for them; hybrid supports both paths.,M3-PLACEHOLDER,Done,TicketFlow\Backend,TicketFlow\Sprint 4,8,1,E2-Events
Product Backlog Item,As an organiser I can import a guest list from CSV or Excel so that setup is fast,Bulk guest import with parsing and validation.,Both CSV and xlsx parse; malformed rows are reported not silently dropped; re-importing does not duplicate guests.,M4-PLACEHOLDER,Done,TicketFlow\Frontend,TicketFlow\Sprint 4,8,1,E5-Guests
Product Backlog Item,As a guest I receive a single-use QR invite so that I can be admitted,Invite token issuance with emailed QR.,Token is cryptographically random and unique; the same scanner endpoint admits invite and purchased guests.,M3-PLACEHOLDER,Done,TicketFlow\Backend,TicketFlow\Sprint 4,5,1,E5-Guests
Product Backlog Item,As an organiser I see arrivals live so that I can manage the door,Live dashboard over Server-Sent Events.,Admissions appear without refresh; only the event owner or an admin can subscribe; the initial snapshot is populated on connect.,M4-PLACEHOLDER,Done,TicketFlow\Frontend,TicketFlow\Sprint 4,13,1,E6-LiveOps
Product Backlog Item,As an organiser I can add one guest at a time so that small changes are not painful,Single-guest form alongside bulk import.,A guest can be added without a file; the invite issues immediately; validation matches the bulk path.,M4-PLACEHOLDER,Done,TicketFlow\Frontend,TicketFlow\Sprint 4,3,2,E5-Guests
Product Backlog Item,As an organiser I can erase a guest's data on request so that we meet GDPR obligations,Per-guest erasure plus a scheduled retention sweep.,Personal data is anonymised not deleted so counts survive; erasure is timestamped; the sweep is idempotent.,M5-PLACEHOLDER,Done,TicketFlow\Backend,TicketFlow\Sprint 4,8,1,E5-Guests
Product Backlog Item,As an organiser suspicious scan patterns are flagged so that fraud is visible,Rule-based anomaly detection over the audit log.,Detects repeated rejects multi-device and rapid sequential patterns; evaluated with precision and recall against labelled fixtures.,M5-PLACEHOLDER,Done,TicketFlow\Data & ML,TicketFlow\Sprint 5,13,1,E6-LiveOps
Product Backlog Item,As an organiser I can ask questions in plain English so that I need no training,Natural-language querying over the guest list.,Handles who has not arrived and how many VIPs checked in; intent parsing evaluated for accuracy; unknown intents fail gracefully.,M5-PLACEHOLDER,Done,TicketFlow\Data & ML,TicketFlow\Sprint 5,13,2,E7-Intelligence
Product Backlog Item,As an organiser I see expected no-shows so that I can plan capacity,Logistic no-show model trained offline and scored at runtime.,Scores only pending bookings; surfaced on the dashboard; model evaluation report committed.,M5-PLACEHOLDER,Done,TicketFlow\Data & ML,TicketFlow\Sprint 5,8,2,E7-Intelligence
Product Backlog Item,As the team each model is evaluated with metrics so that claims are evidenced,Evaluation harnesses for all three analytics features.,Each feature has a reproducible evaluation script or report; results are committed to the repository.,M5-PLACEHOLDER,Done,TicketFlow\QA,TicketFlow\Sprint 5,3,1,E8-Quality
Product Backlog Item,As the business expired data is anonymised automatically so that retention is compliant,Scheduled GDPR retention sweep.,Events past their retention window have attendee data anonymised; the sweep is safe to re-run; behaviour is integration-tested.,M5-PLACEHOLDER,Done,TicketFlow\Backend,TicketFlow\Sprint 6,8,1,E8-Quality
Product Backlog Item,As a user with a disability the interface meets WCAG 2.2 AA so that I can use it,Accessibility audit and remediation against named success criteria.,Form labels present; status messages announced; contrast meets 4.5 to 1; focus is always visible.,M2-PLACEHOLDER,Done,TicketFlow\Frontend,TicketFlow\Sprint 6,8,1,E8-Quality
Product Backlog Item,As the team CI runs tests on every change so that regressions are caught,GitHub Actions pipeline for backend tests and frontend checks.,Backend suite runs against a real replica set; frontend typecheck lint and component tests run; a failure blocks the merge.,M1-PLACEHOLDER,Done,TicketFlow\DevOps,TicketFlow\Sprint 6,5,1,E8-Quality
Product Backlog Item,As the team the stack runs from one command so that it is reproducible,Docker Compose covering database API and frontend.,docker compose up builds and starts everything; the replica set initialises automatically; documented in the README.,M1-PLACEHOLDER,Done,TicketFlow\DevOps,TicketFlow\Sprint 6,5,1,E8-Quality
Product Backlog Item,As door staff I am stopped at venue capacity so that we do not breach fire safety,Occupancy enforcement at the door with an auditable supervisor override.,Admission is refused at capacity; the override is explicit per scan and recorded in the audit log; events with no capacity set are unaffected.,M3-PLACEHOLDER,Done,TicketFlow\Backend,TicketFlow\Sprint 6,8,1,E4-Admission
Product Backlog Item,As the team ticket IDs are server-issued so that a buyer cannot choose their own code,Cryptographically random unique ticket identifiers generated server-side.,The client cannot supply a ticket ID; identifiers are unique by database index; a migration reconciles existing data.,M3-PLACEHOLDER,Done,TicketFlow\Backend,TicketFlow\Sprint 6,5,1,E4-Admission
Product Backlog Item,As the team usability is tested with real users so that design claims are evidenced,ISO 9241-11 usability study with SUS.,Five participants across three scenarios; effectiveness efficiency and satisfaction measured; at least one defect fixed and re-tested.,M2-PLACEHOLDER,Committed,TicketFlow\QA,TicketFlow\Sprint 6,5,1,E8-Quality
Product Backlog Item,As the team component tests cover the frontend so that rendering logic is verified,Vitest and React Testing Library setup with component tests.,Tests run headlessly in CI; the ticket QR and capacity override flows are covered.,M4-PLACEHOLDER,Done,TicketFlow\QA,TicketFlow\Sprint 6,4,2,E8-Quality
Product Backlog Item,As an attendee I can meet other attendees so that events feel social,Meet and Greet attendee directory with opt-in and live presence.,Only attendees holding a booking can see the directory; opting in is explicit and reversible; presence updates live over SSE.,M3-PLACEHOLDER,Done,TicketFlow\Backend,TicketFlow\Sprint 7,8,2,E9-Networking
Product Backlog Item,As an attendee I can chat with everyone at the event so that I can join the conversation,Event Chat (Public) channel with server-sent live updates.,Messages persist and reload; posting requires the event to be live; the channel is scoped to one event.,M4-PLACEHOLDER,Done,TicketFlow\Frontend,TicketFlow\Sprint 7,5,2,E9-Networking
Product Backlog Item,As an attendee I can message someone privately so that I can follow up one to one,Direct messages between attendees of the same event.,A thread is visible only to its two participants; both must be eligible for that event.,M4-PLACEHOLDER,Done,TicketFlow\Backend,TicketFlow\Sprint 7,5,2,E9-Networking
Product Backlog Item,As a guest without an account I can join the Meet and Greet so that I am not excluded,Email one-time-code access proving control of the booking address.,A six digit code is emailed and expires in ten minutes; only its hash is stored; the response does not reveal whether an address holds a ticket.,M3-PLACEHOLDER,Done,TicketFlow\Backend,TicketFlow\Sprint 7,8,1,E9-Networking
Product Backlog Item,As a visitor I can ask questions in plain English so that I can find the right event,AI concierge chatbot backed by a language model with tool calling.,The bot searches events answers event questions and handles FAQs; it degrades to a fixed reply when no provider key is configured.,M5-PLACEHOLDER,Done,TicketFlow\Backend,TicketFlow\Sprint 7,13,1,E10-Concierge
Product Backlog Item,As an attendee I am told what to wear and expect so that I arrive prepared,Weather and dress code advice from Open-Meteo combined with organiser supplied event details.,Advice uses the real forecast within the sixteen day horizon and says so beyond it; it carries an explicit disclaimer that it is not a crime risk assessment.,M5-PLACEHOLDER,Done,TicketFlow\Backend,TicketFlow\Sprint 7,8,2,E10-Concierge
Product Backlog Item,As an organiser I can describe my venue fully so that attendees know what to expect,Extended event fields for venue dress code parking accessibility and age restriction.,New fields are optional and appear on the event page and in chatbot answers; existing events are unaffected.,M4-PLACEHOLDER,Done,TicketFlow\Frontend,TicketFlow\Sprint 7,5,3,E2-Events
Product Backlog Item,As the platform administrators cannot be self registered so that access cannot be escalated,Signup role whitelist restricting self assignment to user and creator.,A crafted admin role in a signup request is discarded; the fix is verified against a running server.,M3-PLACEHOLDER,Done,TicketFlow\Backend,TicketFlow\Sprint 7,5,1,E1-Accounts
Product Backlog Item,As the root administrator I control who becomes an administrator so that privilege is not shared freely,Root admin bootstrap by CLI plus guarded role change.,Only the root admin may grant or revoke admin; nobody may change their own role or demote the root admin; decisions are unit tested.,M3-PLACEHOLDER,Done,TicketFlow\Backend,TicketFlow\Sprint 7,8,1,E1-Accounts
Product Backlog Item,As an administrator I can remove events and users so that the platform can be moderated,Soft delete of events and users preserving all referencing records.,Archived records disappear from every listing; bookings guests chat and audit rows survive; ushers are unassigned from archived events.,M3-PLACEHOLDER,Done,TicketFlow\Backend,TicketFlow\Sprint 7,8,2,E1-Accounts
Product Backlog Item,As the team we know how much code is tested so that quality claims are evidenced,Coverage measurement for both packages emitting lcov with no failing threshold.,Both packages produce an lcov report; CI archives it; no threshold blocks the build until a baseline is trusted.,M5-PLACEHOLDER,Done,TicketFlow\QA,TicketFlow\Sprint 7,3,2,E8-Quality
Product Backlog Item,As the team we know the system holds under load so that performance is measured not assumed,Load test harness against the hottest read endpoints.,Throughput is recorded for event list and detail; the rate limit is configurable so a run is not throttled to nothing.,M1-PLACEHOLDER,Done,TicketFlow\DevOps,TicketFlow\Sprint 7,5,2,E8-Quality
Product Backlog Item,As the team the backend is linted in CI so that defects are caught before merge,Blocking backend lint step added to the pipeline and CI extended to the dev branch.,Lint runs before the database is provisioned; CI triggers on both main and dev; a lint failure blocks the merge.,M1-PLACEHOLDER,Done,TicketFlow\DevOps,TicketFlow\Sprint 7,3,2,E8-Quality
